{"cameraMode":{"drawMode":0,"name":"Shaded","section":"Shading Mode"},"sceneLighting":false,"audioPlay":false,"sceneViewState":{"m_AlwaysRefresh":false,"showFog":true,"showSkybox":false,"showFlares":true,"showImageEffects":true,"showParticleSystems":true,"showVisualEffectGraphs":true,"m_FxEnabled":true},"in2DMode":false,"pivot":{"x":0.026035428047180177,"y":6.553476810455322,"z":8.080607414245606},"rotation":{"x":0.029941527172923089,"y":-0.059938665479421619,"z":0.001829547923989594,"w":0.9977901577949524},"size":0.9125389456748962,"orthographic":true}