{"cameraMode":{"drawMode":0,"name":"Shaded","section":"Shading Mode"},"sceneLighting":false,"audioPlay":false,"sceneViewState":{"m_AlwaysRefresh":false,"showFog":true,"showSkybox":false,"showFlares":true,"showImageEffects":true,"showParticleSystems":true,"showVisualEffectGraphs":true,"m_FxEnabled":true},"in2DMode":false,"pivot":{"x":-22.202999114990236,"y":2.672307014465332,"z":4.138256072998047},"rotation":{"x":-0.010497343726456166,"y":-0.023997867479920389,"z":-0.0002152438974007964,"w":0.9997046589851379},"size":0.7125415802001953,"orthographic":true}