{"cameraMode":{"drawMode":0,"name":"Shaded","section":"Shading Mode"},"sceneLighting":false,"audioPlay":false,"sceneViewState":{"m_AlwaysRefresh":false,"showFog":true,"showSkybox":true,"showFlares":true,"showImageEffects":true,"showParticleSystems":true,"showVisualEffectGraphs":true,"m_FxEnabled":true},"in2DMode":false,"pivot":{"x":-2.0879573822021486,"y":14.255762100219727,"z":0.8112239837646484},"rotation":{"x":0.027003401890397073,"y":-0.014985430054366589,"z":0.00015744920528959483,"w":0.9997091889381409},"size":5.191951751708984,"orthographic":true}