{"cameraMode":{"drawMode":0,"name":"Shaded","section":"Shading Mode"},"sceneLighting":false,"audioPlay":false,"sceneViewState":{"m_AlwaysRefresh":false,"showFog":true,"showSkybox":false,"showFlares":true,"showImageEffects":true,"showParticleSystems":true,"showVisualEffectGraphs":true,"m_FxEnabled":true},"in2DMode":false,"pivot":{"x":0.16739845275878907,"y":0.37255239486694338,"z":0.06935068964958191},"rotation":{"x":0.013373051770031453,"y":-0.9730244874954224,"z":0.05845797434449196,"w":0.22300618886947633},"size":1.2334835529327393,"orthographic":true}