{"cameraMode":{"drawMode":0,"name":"Shaded","section":"Shading Mode"},"sceneLighting":false,"audioPlay":false,"sceneViewState":{"m_AlwaysRefresh":false,"showFog":true,"showSkybox":false,"showFlares":true,"showImageEffects":true,"showParticleSystems":true,"showVisualEffectGraphs":true,"m_FxEnabled":true},"in2DMode":false,"pivot":{"x":-6.994739532470703,"y":4.12000036239624,"z":9.599998474121094},"rotation":{"x":0.027003401890397073,"y":-0.014985430054366589,"z":0.00015744920528959483,"w":0.9997091889381409},"size":28.139629364013673,"orthographic":true}