{"cameraMode":{"drawMode":0,"name":"Shaded","section":"Shading Mode"},"sceneLighting":false,"audioPlay":false,"sceneViewState":{"m_AlwaysRefresh":false,"showFog":true,"showSkybox":false,"showFlares":true,"showImageEffects":true,"showParticleSystems":true,"showVisualEffectGraphs":true,"m_FxEnabled":true},"in2DMode":false,"pivot":{"x":0.43989574909210207,"y":0.0878661721944809,"z":0.2712840735912323},"rotation":{"x":0.0030021776910871269,"y":0.009006042033433915,"z":0.00006304390262812376,"w":1.0000452995300294},"size":0.42612820863723757,"orthographic":true}