{"cameraMode":{"drawMode":0,"name":"Shaded","section":"Shading Mode"},"sceneLighting":false,"audioPlay":false,"sceneViewState":{"m_AlwaysRefresh":false,"showFog":true,"showSkybox":false,"showFlares":true,"showImageEffects":true,"showParticleSystems":true,"showVisualEffectGraphs":true,"m_FxEnabled":true},"in2DMode":false,"pivot":{"x":0.35705894231796267,"y":0.7785677909851074,"z":0.2301895022392273},"rotation":{"x":0.06280436366796494,"y":-0.07030303031206131,"z":0.004430992528796196,"w":0.9955602884292603},"size":3.8460144996643068,"orthographic":true}