{"cameraMode":{"drawMode":0,"name":"Shaded","section":"Shading Mode"},"sceneLighting":false,"audioPlay":false,"sceneViewState":{"m_AlwaysRefresh":false,"showFog":true,"showSkybox":false,"showFlares":true,"showImageEffects":true,"showParticleSystems":true,"showVisualEffectGraphs":true,"m_FxEnabled":true},"in2DMode":false,"pivot":{"x":0.14730149507522584,"y":0.11601865291595459,"z":-0.17120343446731568},"rotation":{"x":0.059883926063776019,"y":-0.052379049360752109,"z":0.003206575056537986,"w":0.9969021081924439},"size":3.7811903953552248,"orthographic":true}